greedy,swap,genetic
,,
,,
2102.370264869109,1938.3034382552144,1928.5530247996128
,,
,,
